id,Station,Benzene,CO,PM10,PM2.5,NO2,Datetime
1,Araçatuba,,,30,,,7,2013-05-08 1:00:00
2,Araçatuba,,,30,,,6,2013-05-08 2:00:00
3,Araçatuba,,,31,,,6,2013-05-08 3:00:00
4,Araçatuba,,,31,,,4,2013-05-08 4:00:00
5,Araçatuba,,,32,,,4,2013-05-08 5:00:00
6,Araçatuba,,,35,,,5,2013-05-08 6:00:00
7,Araçatuba,,,38,,,5,2013-05-08 7:00:00
8,Araçatuba,,,40,,,5,2013-05-08 8:00:00
9,Araçatuba,,,40,,,4,2013-05-08 9:00:00
10,Araçatuba,,,41,,,4,2013-05-08 10:00:00
11,Araçatuba,,,43,,,,2013-05-08 11:00:00
12,Araçatuba,,,43,,,,2013-05-08 12:00:00
13,Araçatuba,,,43,,,,2013-05-08 13:00:00
14,Araçatuba,,,43,,,15,2013-05-08 14:00:00
15,Araçatuba,,,43,,,19,2013-05-08 15:00:00
16,Araçatuba,,,44,,,24,2013-05-08 16:00:00
17,Araçatuba,,,45,,,27,2013-05-08 17:00:00
18,Araçatuba,,,45,,,27,2013-05-08 18:00:00
19,Araçatuba,,,46,,,24,2013-05-08 19:00:00
20,Araçatuba,,,46,,,22,2013-05-08 20:00:00
21,Araçatuba,,,46,,,20,2013-05-08 21:00:00
22,Araçatuba,,,47,,,17,2013-05-08 22:00:00
23,Araçatuba,,,47,,,14,2013-05-08 23:00:00
24,Araçatuba,,,47,,,11,2013-05-08 0:00:00
25,Araraquara,,,28,,,11,2013-05-08 1:00:00
26,Araraquara,,,27,,3,10,2013-05-08 2:00:00
27,Araraquara,,,27,,5,9,2013-05-08 3:00:00
28,Araraquara,,,27,,4,8,2013-05-08 4:00:00
29,Araraquara,,,27,,5,8,2013-05-08 5:00:00
30,Araraquara,,,27,,7,8,2013-05-08 6:00:00
31,Araraquara,,,27,,8,8,2013-05-08 7:00:00
32,Araraquara,,,25,,6,8,2013-05-08 8:00:00
33,Araraquara,,,25,,5,8,2013-05-08 9:00:00
34,Araraquara,,,22,,4,8,2013-05-08 10:00:00
35,Araraquara,,,22,,2,10,2013-05-08 11:00:00
36,Araraquara,,,23,,2,14,2013-05-08 12:00:00
37,Araraquara,,,24,,1,18,2013-05-08 13:00:00
38,Araraquara,,,24,,2,20,2013-05-08 14:00:00
39,Araraquara,,,24,,2,25,2013-05-08 15:00:00
40,Araraquara,,,25,,2,29,2013-05-08 16:00:00
41,Araraquara,,,25,,2,33,2013-05-08 17:00:00
42,Araraquara,,,25,,6,35,2013-05-08 18:00:00
43,Araraquara,,,25,,10,35,2013-05-08 19:00:00
44,Araraquara,,,26,,13,33,2013-05-08 20:00:00
45,Araraquara,,,28,,13,31,2013-05-08 21:00:00
46,Araraquara,,,29,,11,28,2013-05-08 22:00:00
47,Araraquara,,,29,,10,24,2013-05-08 23:00:00
48,Araraquara,,,30,,10,20,2013-05-08 0:00:00
49,Bauru,,,29,,,12,2013-05-08 1:00:00
50,Bauru,,,29,,3,10,2013-05-08 2:00:00
51,Bauru,,,28,,2,10,2013-05-08 3:00:00
52,Bauru,,,28,,2,10,2013-05-08 4:00:00
53,Bauru,,,27,,2,9,2013-05-08 5:00:00
54,Bauru,,,26,,2,8,2013-05-08 6:00:00
55,Bauru,,,26,,6,8,2013-05-08 7:00:00
56,Bauru,,,26,,7,8,2013-05-08 8:00:00
57,Bauru,,,26,,3,7,2013-05-08 9:00:00
58,Bauru,,,27,,3,8,2013-05-08 10:00:00
59,Bauru,,,26,,2,10,2013-05-08 11:00:00
60,Bauru,,,26,,2,11,2013-05-08 12:00:00
61,Bauru,,,26,,2,12,2013-05-08 13:00:00
62,Bauru,,,27,,1,14,2013-05-08 14:00:00
63,Bauru,,,26,,2,17,2013-05-08 15:00:00
64,Bauru,,,27,,2,20,2013-05-08 16:00:00
65,Bauru,,,27,,3,22,2013-05-08 17:00:00
66,Bauru,,,27,,8,22,2013-05-08 18:00:00
67,Bauru,,,27,,14,20,2013-05-08 19:00:00
68,Bauru,,,28,,12,18,2013-05-08 20:00:00
69,Bauru,,,27,,9,16,2013-05-08 21:00:00
70,Bauru,,,28,,11,12,2013-05-08 22:00:00
71,Bauru,,,29,,7,9,2013-05-08 23:00:00
72,Bauru,,,28,,6,6,2013-05-08 0:00:00
73,Campinas-Centro,,3,32,,,,2013-05-08 1:00:00
74,Campinas-Centro,,3,31,,,,2013-05-08 2:00:00
75,Campinas-Centro,,2,32,,,,2013-05-08 3:00:00
76,Campinas-Centro,,2,32,,,,2013-05-08 4:00:00
77,Campinas-Centro,,2,32,,,,2013-05-08 5:00:00
78,Campinas-Centro,,2,32,,,,2013-05-08 6:00:00
79,Campinas-Centro,,2,33,,,,2013-05-08 7:00:00
80,Campinas-Centro,,2,33,,,,2013-05-08 8:00:00
81,Campinas-Centro,,3,34,,,,2013-05-08 9:00:00
82,Campinas-Centro,,3,32,,,,2013-05-08 10:00:00
83,Campinas-Centro,,4,31,,,,2013-05-08 11:00:00
84,Campinas-Centro,,4,29,,,,2013-05-08 12:00:00
85,Campinas-Centro,,4,29,,,,2013-05-08 13:00:00
86,Campinas-Centro,,4,29,,,,2013-05-08 14:00:00
87,Campinas-Centro,,4,29,,,,2013-05-08 15:00:00
88,Campinas-Centro,,4,28,,,,2013-05-08 16:00:00
89,Campinas-Centro,,3,29,,,,2013-05-08 17:00:00
90,Campinas-Centro,,4,29,,,,2013-05-08 18:00:00
91,Campinas-Centro,,4,29,,,,2013-05-08 19:00:00
92,Campinas-Centro,,4,29,,,,2013-05-08 20:00:00
93,Campinas-Centro,,5,29,,,,2013-05-08 21:00:00
94,Campinas-Centro,,5,29,,,,2013-05-08 22:00:00
95,Campinas-Centro,,5,29,,,,2013-05-08 23:00:00
96,Campinas-Centro,,5,29,,,,2013-05-08 0:00:00
97,Capão Redondo,,,32,,,8,2013-05-08 1:00:00
98,Capão Redondo,,,32,,,7,2013-05-08 2:00:00
99,Capão Redondo,,,32,,,8,2013-05-08 3:00:00
100,Capão Redondo,,,31,,,8,2013-05-08 4:00:00
101,Capão Redondo,,,31,,,9,2013-05-08 5:00:00
102,Capão Redondo,,,31,,,10,2013-05-08 6:00:00
103,Capão Redondo,,,30,,,10,2013-05-08 7:00:00
104,Capão Redondo,,,29,,,10,2013-05-08 8:00:00
105,Capão Redondo,,,28,,,10,2013-05-08 9:00:00
106,Capão Redondo,,,27,,,10,2013-05-08 10:00:00
107,Capão Redondo,,,26,,,11,2013-05-08 11:00:00
108,Capão Redondo,,,26,,,12,2013-05-08 12:00:00
109,Capão Redondo,,,26,,,14,2013-05-08 13:00:00
110,Capão Redondo,,,26,,,15,2013-05-08 14:00:00
111,Capão Redondo,,,25,,,18,2013-05-08 15:00:00
112,Capão Redondo,,,25,,,20,2013-05-08 16:00:00
113,Capão Redondo,,,24,,,21,2013-05-08 17:00:00
114,Capão Redondo,,,24,,,21,2013-05-08 18:00:00
115,Capão Redondo,,,20,,,20,2013-05-08 19:00:00
116,Capão Redondo,,,17,,,17,2013-05-08 20:00:00
117,Capão Redondo,,,17,,,15,2013-05-08 21:00:00
118,Capão Redondo,,,17,,,12,2013-05-08 22:00:00
119,Capão Redondo,,,18,,,9,2013-05-08 23:00:00
120,Capão Redondo,,,18,,,6,2013-05-08 0:00:00
121,Carapicuíba,,4,,,,6,2013-05-08 1:00:00
122,Carapicuíba,,4,,,,4,2013-05-08 2:00:00
123,Carapicuíba,,3,,,,5,2013-05-08 3:00:00
124,Carapicuíba,,3,,,,6,2013-05-08 4:00:00
125,Carapicuíba,,2,,,,7,2013-05-08 5:00:00
126,Carapicuíba,,2,,,,8,2013-05-08 6:00:00
127,Carapicuíba,,1,,,,8,2013-05-08 7:00:00
128,Carapicuíba,,1,,,,8,2013-05-08 8:00:00
129,Carapicuíba,,1,,,,9,2013-05-08 9:00:00
130,Carapicuíba,,1,,,,10,2013-05-08 10:00:00
131,Carapicuíba,,1,,,,10,2013-05-08 11:00:00
132,Carapicuíba,,1,,,,11,2013-05-08 12:00:00
133,Carapicuíba,,1,,,,13,2013-05-08 13:00:00
134,Carapicuíba,,1,,,,15,2013-05-08 14:00:00
135,Carapicuíba,,1,,,,18,2013-05-08 15:00:00
136,Carapicuíba,,1,,,,21,2013-05-08 16:00:00
137,Carapicuíba,,1,,,,23,2013-05-08 17:00:00
138,Carapicuíba,,1,,,,23,2013-05-08 18:00:00
139,Carapicuíba,,2,,,,21,2013-05-08 19:00:00
140,Carapicuíba,,2,,,,18,2013-05-08 20:00:00
141,Carapicuíba,,2,,,,16,2013-05-08 21:00:00
142,Carapicuíba,,3,,,,12,2013-05-08 22:00:00
143,Carapicuíba,,3,,,,8,2013-05-08 23:00:00
144,Carapicuíba,,4,,,,5,2013-05-08 0:00:00
145,Catanduva,,,40,,,12,2013-05-08 1:00:00
146,Catanduva,,,43,,8,9,2013-05-08 2:00:00
147,Catanduva,,,45,,5,7,2013-05-08 3:00:00
148,Catanduva,,,45,,5,6,2013-05-08 4:00:00
149,Catanduva,,,45,,5,4,2013-05-08 5:00:00
150,Catanduva,,,45,,3,3,2013-05-08 6:00:00
151,Catanduva,,,45,,5,1,2013-05-08 7:00:00
152,Catanduva,,,45,,7,0,2013-05-08 8:00:00
153,Catanduva,,,44,,7,0,2013-05-08 9:00:00
154,Catanduva,,,41,,,2,2013-05-08 10:00:00
155,Catanduva,,,40,,3,4,2013-05-08 11:00:00
156,Catanduva,,,40,,2,7,2013-05-08 12:00:00
157,Catanduva,,,39,,2,11,2013-05-08 13:00:00
158,Catanduva,,,38,,,13,2013-05-08 14:00:00
159,Catanduva,,,37,,2,16,2013-05-08 15:00:00
160,Catanduva,,,37,,3,20,2013-05-08 16:00:00
161,Catanduva,,,37,,4,24,2013-05-08 17:00:00
162,Catanduva,,,38,,9,25,2013-05-08 18:00:00
163,Catanduva,,,39,,15,24,2013-05-08 19:00:00
164,Catanduva,,,39,,11,22,2013-05-08 20:00:00
165,Catanduva,,,37,,7,20,2013-05-08 21:00:00
166,Catanduva,,,37,,8,18,2013-05-08 22:00:00
167,Catanduva,,,38,,6,15,2013-05-08 23:00:00
168,Catanduva,,,38,,6,12,2013-05-08 0:00:00
169,Cerqueira César,,4,,,,,2013-05-08 1:00:00
170,Cerqueira César,,3,,,1,,2013-05-08 2:00:00
171,Cerqueira César,,3,,,1,,2013-05-08 3:00:00
172,Cerqueira César,,2,,,1,,2013-05-08 4:00:00
173,Cerqueira César,,2,,,1,,2013-05-08 5:00:00
174,Cerqueira César,,1,,,3,,2013-05-08 6:00:00
175,Cerqueira César,,1,,,6,,2013-05-08 7:00:00
176,Cerqueira César,,1,,,6,,2013-05-08 8:00:00
177,Cerqueira César,,1,,,5,,2013-05-08 9:00:00
178,Cerqueira César,,1,,,5,,2013-05-08 10:00:00
179,Cerqueira César,,1,,,5,,2013-05-08 11:00:00
180,Cerqueira César,,1,,,7,,2013-05-08 12:00:00
181,Cerqueira César,,1,,,7,,2013-05-08 13:00:00
182,Cerqueira César,,1,,,7,,2013-05-08 14:00:00
183,Cerqueira César,,2,,,9,,2013-05-08 15:00:00
184,Cerqueira César,,2,,,9,,2013-05-08 16:00:00
185,Cerqueira César,,2,,,12,,2013-05-08 17:00:00
186,Cerqueira César,,2,,,14,,2013-05-08 18:00:00
187,Cerqueira César,,2,,,14,,2013-05-08 19:00:00
188,Cerqueira César,,2,,,14,,2013-05-08 20:00:00
189,Cerqueira César,,3,,,14,,2013-05-08 21:00:00
190,Cerqueira César,,3,,,14,,2013-05-08 22:00:00
191,Cerqueira César,,4,,,13,,2013-05-08 23:00:00
192,Cerqueira César,,4,,,12,,2013-05-08 0:00:00
193,Cid.Universitária-USP-Ipen,,,,39,,7,2013-05-08 1:00:00
194,Cid.Universitária-USP-Ipen,,,,39,,5,2013-05-08 2:00:00
195,Cid.Universitária-USP-Ipen,,,,39,,4,2013-05-08 3:00:00
196,Cid.Universitária-USP-Ipen,,,,38,,,2013-05-08 4:00:00
197,Cid.Universitária-USP-Ipen,,,,36,,,2013-05-08 5:00:00
198,Cid.Universitária-USP-Ipen,,,,36,,,2013-05-08 6:00:00
199,Cid.Universitária-USP-Ipen,,,,35,,,2013-05-08 7:00:00
200,Cid.Universitária-USP-Ipen,,,,33,,,2013-05-08 8:00:00
201,Cid.Universitária-USP-Ipen,,,,31,,,2013-05-08 9:00:00
202,Cid.Universitária-USP-Ipen,,,,30,,,2013-05-08 10:00:00
203,Cid.Universitária-USP-Ipen,,,,27,,,2013-05-08 11:00:00
204,Cid.Universitária-USP-Ipen,,,,24,,,2013-05-08 12:00:00
205,Cid.Universitária-USP-Ipen,,,,24,,,2013-05-08 13:00:00
206,Cid.Universitária-USP-Ipen,,,,22,,,2013-05-08 14:00:00
207,Cid.Universitária-USP-Ipen,,,,22,,,2013-05-08 15:00:00
208,Cid.Universitária-USP-Ipen,,,,22,,,2013-05-08 16:00:00
209,Cid.Universitária-USP-Ipen,,,,22,,,2013-05-08 17:00:00
210,Cid.Universitária-USP-Ipen,,,,22,,,2013-05-08 18:00:00
211,Cid.Universitária-USP-Ipen,,,,22,,,2013-05-08 19:00:00
212,Cid.Universitária-USP-Ipen,,,,22,,,2013-05-08 20:00:00
213,Cid.Universitária-USP-Ipen,,,,20,,,2013-05-08 21:00:00
214,Cid.Universitária-USP-Ipen,,,,20,,,2013-05-08 22:00:00
215,Cid.Universitária-USP-Ipen,,,,20,,,2013-05-08 23:00:00
216,Cid.Universitária-USP-Ipen,,,,22,,,2013-05-08 0:00:00
217,Congonhas,,6,32,35,,,2013-05-08 1:00:00
218,Congonhas,,5,33,35,,,2013-05-08 2:00:00
219,Congonhas,,4,33,33,,,2013-05-08 3:00:00
220,Congonhas,,4,32,31,,,2013-05-08 4:00:00
221,Congonhas,,3,32,30,,,2013-05-08 5:00:00
222,Congonhas,,3,32,28,,,2013-05-08 6:00:00
223,Congonhas,,3,31,27,,,2013-05-08 7:00:00
224,Congonhas,,3,30,25,,,2013-05-08 8:00:00
225,Congonhas,,4,29,24,,,2013-05-08 9:00:00
226,Congonhas,,4,29,22,,,2013-05-08 10:00:00
227,Congonhas,,5,29,20,,,2013-05-08 11:00:00
228,Congonhas,,6,29,20,,,2013-05-08 12:00:00
229,Congonhas,,6,29,22,,,2013-05-08 13:00:00
230,Congonhas,,6,30,22,,,2013-05-08 14:00:00
231,Congonhas,,5,29,22,,,2013-05-08 15:00:00
232,Congonhas,,5,29,24,,,2013-05-08 16:00:00
233,Congonhas,,5,30,24,,,2013-05-08 17:00:00
234,Congonhas,,6,31,25,,,2013-05-08 18:00:00
235,Congonhas,,6,32,25,,,2013-05-08 19:00:00
236,Congonhas,,7,32,24,,,2013-05-08 20:00:00
237,Congonhas,,7,32,25,,,2013-05-08 21:00:00
238,Congonhas,,7,33,25,,,2013-05-08 22:00:00
239,Congonhas,,8,34,25,,,2013-05-08 23:00:00
240,Congonhas,,8,35,25,,,2013-05-08 0:00:00
241,Cubatão-Centro,,,41,,,1,2013-05-08 1:00:00
242,Cubatão-Centro,,,41,,9,0,2013-05-08 2:00:00
243,Cubatão-Centro,,,39,,9,0,2013-05-08 3:00:00
244,Cubatão-Centro,,,38,,7,0,2013-05-08 4:00:00
245,Cubatão-Centro,,,37,,5,0,2013-05-08 5:00:00
246,Cubatão-Centro,,,37,,5,0,2013-05-08 6:00:00
247,Cubatão-Centro,,,36,,5,0,2013-05-08 7:00:00
248,Cubatão-Centro,,,36,,5,0,2013-05-08 8:00:00
249,Cubatão-Centro,,,36,,5,0,2013-05-08 9:00:00
250,Cubatão-Centro,,,36,,9,0,2013-05-08 10:00:00
251,Cubatão-Centro,,,36,,3,1,2013-05-08 11:00:00
252,Cubatão-Centro,,,34,,2,2,2013-05-08 12:00:00
253,Cubatão-Centro,,,33,,1,4,2013-05-08 13:00:00
254,Cubatão-Centro,,,34,,2,6,2013-05-08 14:00:00
255,Cubatão-Centro,,,33,,1,8,2013-05-08 15:00:00
256,Cubatão-Centro,,,33,,2,10,2013-05-08 16:00:00
257,Cubatão-Centro,,,32,,3,11,2013-05-08 17:00:00
258,Cubatão-Centro,,,32,,7,11,2013-05-08 18:00:00
259,Cubatão-Centro,,,32,,6,10,2013-05-08 19:00:00
260,Cubatão-Centro,,,32,,7,9,2013-05-08 20:00:00
261,Cubatão-Centro,,,29,,5,7,2013-05-08 21:00:00
262,Cubatão-Centro,,,25,,5,6,2013-05-08 22:00:00
263,Cubatão-Centro,,,21,,5,4,2013-05-08 23:00:00
264,Cubatão-Centro,,,21,,5,2,2013-05-08 0:00:00
265,Cubatão-V.Parisi,,,110,,,,2013-05-08 1:00:00
266,Cubatão-V.Parisi,,,111,,8,,2013-05-08 2:00:00
267,Cubatão-V.Parisi,,,111,,8,,2013-05-08 3:00:00
268,Cubatão-V.Parisi,,,111,,8,,2013-05-08 4:00:00
269,Cubatão-V.Parisi,,,110,,8,,2013-05-08 5:00:00
270,Cubatão-V.Parisi,,,110,,7,,2013-05-08 6:00:00
271,Cubatão-V.Parisi,,,113,,7,,2013-05-08 7:00:00
272,Cubatão-V.Parisi,,,116,,8,,2013-05-08 8:00:00
273,Cubatão-V.Parisi,,,118,,10,,2013-05-08 9:00:00
274,Cubatão-V.Parisi,,,120,,11,,2013-05-08 10:00:00
275,Cubatão-V.Parisi,,,119,,12,,2013-05-08 11:00:00
276,Cubatão-V.Parisi,,,117,,14,,2013-05-08 12:00:00
277,Cubatão-V.Parisi,,,115,,14,,2013-05-08 13:00:00
278,Cubatão-V.Parisi,,,114,,14,,2013-05-08 14:00:00
279,Cubatão-V.Parisi,,,112,,11,,2013-05-08 15:00:00
280,Cubatão-V.Parisi,,,109,,14,,2013-05-08 16:00:00
281,Cubatão-V.Parisi,,,106,,17,,2013-05-08 17:00:00
282,Cubatão-V.Parisi,,,104,,13,,2013-05-08 18:00:00
283,Cubatão-V.Parisi,,,102,,11,,2013-05-08 19:00:00
284,Cubatão-V.Parisi,,,99,,10,,2013-05-08 20:00:00
285,Cubatão-V.Parisi,,,92,,9,,2013-05-08 21:00:00
286,Cubatão-V.Parisi,,,89,,9,,2013-05-08 22:00:00
287,Cubatão-V.Parisi,,,88,,8,,2013-05-08 23:00:00
288,Cubatão-V.Parisi,,,88,,8,,2013-05-08 0:00:00
289,Cubatão-Vale do Mogi,,,52,,,2,2013-05-08 1:00:00
290,Cubatão-Vale do Mogi,,,55,,6,2,2013-05-08 2:00:00
291,Cubatão-Vale do Mogi,,,57,,6,1,2013-05-08 3:00:00
292,Cubatão-Vale do Mogi,,,58,,5,1,2013-05-08 4:00:00
293,Cubatão-Vale do Mogi,,,60,,5,1,2013-05-08 5:00:00
294,Cubatão-Vale do Mogi,,,62,,5,1,2013-05-08 6:00:00
295,Cubatão-Vale do Mogi,,,65,,5,1,2013-05-08 7:00:00
296,Cubatão-Vale do Mogi,,,66,,5,1,2013-05-08 8:00:00
297,Cubatão-Vale do Mogi,,,66,,5,1,2013-05-08 9:00:00
298,Cubatão-Vale do Mogi,,,66,,7,1,2013-05-08 10:00:00
299,Cubatão-Vale do Mogi,,,66,,8,2,2013-05-08 11:00:00
300,Cubatão-Vale do Mogi,,,67,,6,3,2013-05-08 12:00:00
301,Cubatão-Vale do Mogi,,,66,,6,5,2013-05-08 13:00:00
302,Cubatão-Vale do Mogi,,,66,,5,7,2013-05-08 14:00:00
303,Cubatão-Vale do Mogi,,,64,,6,9,2013-05-08 15:00:00
304,Cubatão-Vale do Mogi,,,61,,6,11,2013-05-08 16:00:00
305,Cubatão-Vale do Mogi,,,59,,8,13,2013-05-08 17:00:00
306,Cubatão-Vale do Mogi,,,55,,9,13,2013-05-08 18:00:00
307,Cubatão-Vale do Mogi,,,55,,8,12,2013-05-08 19:00:00
308,Cubatão-Vale do Mogi,,,57,,6,11,2013-05-08 20:00:00
309,Cubatão-Vale do Mogi,,,58,,6,10,2013-05-08 21:00:00
310,Cubatão-Vale do Mogi,,,60,,6,8,2013-05-08 22:00:00
311,Cubatão-Vale do Mogi,,,62,,5,6,2013-05-08 23:00:00
312,Cubatão-Vale do Mogi,,,62,,5,4,2013-05-08 0:00:00
313,Grajaú-Parelheiros,,4,34,45,,8,2013-05-08 1:00:00
314,Grajaú-Parelheiros,,3,35,45,,9,2013-05-08 2:00:00
315,Grajaú-Parelheiros,,,34,42,,10,2013-05-08 3:00:00
316,Grajaú-Parelheiros,,,34,39,,10,2013-05-08 4:00:00
317,Grajaú-Parelheiros,,,33,38,,11,2013-05-08 5:00:00
318,Grajaú-Parelheiros,,,32,39,,12,2013-05-08 6:00:00
319,Grajaú-Parelheiros,,,32,38,,12,2013-05-08 7:00:00
320,Grajaú-Parelheiros,,,30,36,,11,2013-05-08 8:00:00
321,Grajaú-Parelheiros,,,29,38,,11,2013-05-08 9:00:00
322,Grajaú-Parelheiros,,,28,36,,11,2013-05-08 10:00:00
323,Grajaú-Parelheiros,,,26,35,,11,2013-05-08 11:00:00
324,Grajaú-Parelheiros,,,25,33,,12,2013-05-08 12:00:00
325,Grajaú-Parelheiros,,,25,33,,12,2013-05-08 13:00:00
326,Grajaú-Parelheiros,,,25,31,,13,2013-05-08 14:00:00
327,Grajaú-Parelheiros,,,25,31,,15,2013-05-08 15:00:00
328,Grajaú-Parelheiros,,,24,31,,16,2013-05-08 16:00:00
329,Grajaú-Parelheiros,,,24,31,,16,2013-05-08 17:00:00
330,Grajaú-Parelheiros,,,24,31,,15,2013-05-08 18:00:00
331,Grajaú-Parelheiros,,,24,30,,13,2013-05-08 19:00:00
332,Grajaú-Parelheiros,,,24,27,,12,2013-05-08 20:00:00
333,Grajaú-Parelheiros,,,24,27,,10,2013-05-08 21:00:00
334,Grajaú-Parelheiros,,,25,27,,8,2013-05-08 22:00:00
335,Grajaú-Parelheiros,,,24,25,,7,2013-05-08 23:00:00
336,Grajaú-Parelheiros,,,24,24,,5,2013-05-08 0:00:00
337,Guarulhos-Paço Municipal,,,29,,,11,2013-05-08 1:00:00
338,Guarulhos-Paço Municipal,,,27,,,10,2013-05-08 2:00:00
339,Guarulhos-Paço Municipal,,,25,,,10,2013-05-08 3:00:00
340,Guarulhos-Paço Municipal,,,25,,,10,2013-05-08 4:00:00
341,Guarulhos-Paço Municipal,,,24,,,10,2013-05-08 5:00:00
342,Guarulhos-Paço Municipal,,,24,,,11,2013-05-08 6:00:00
343,Guarulhos-Paço Municipal,,,24,,,10,2013-05-08 7:00:00
344,Guarulhos-Paço Municipal,,,25,,,10,2013-05-08 8:00:00
345,Guarulhos-Paço Municipal,,,25,,,11,2013-05-08 9:00:00
346,Guarulhos-Paço Municipal,,,25,,,10,2013-05-08 10:00:00
347,Guarulhos-Paço Municipal,,,25,,,10,2013-05-08 11:00:00
348,Guarulhos-Paço Municipal,,,24,,,10,2013-05-08 12:00:00
349,Guarulhos-Paço Municipal,,,25,,,11,2013-05-08 13:00:00
350,Guarulhos-Paço Municipal,,,25,,,13,2013-05-08 14:00:00
351,Guarulhos-Paço Municipal,,,25,,,16,2013-05-08 15:00:00
352,Guarulhos-Paço Municipal,,,25,,,19,2013-05-08 16:00:00
353,Guarulhos-Paço Municipal,,,25,,,21,2013-05-08 17:00:00
354,Guarulhos-Paço Municipal,,,25,,,21,2013-05-08 18:00:00
355,Guarulhos-Paço Municipal,,,24,,,20,2013-05-08 19:00:00
356,Guarulhos-Paço Municipal,,,24,,,18,2013-05-08 20:00:00
357,Guarulhos-Paço Municipal,,,25,,,15,2013-05-08 21:00:00
358,Guarulhos-Paço Municipal,,,25,,,12,2013-05-08 22:00:00
359,Guarulhos-Paço Municipal,,,25,,,8,2013-05-08 23:00:00
360,Guarulhos-Paço Municipal,,,25,,,5,2013-05-08 0:00:00
361,Ibirapuera,,2,,,,19,2013-05-08 1:00:00
362,Ibirapuera,,2,,,3,18,2013-05-08 2:00:00
363,Ibirapuera,,2,,,2,19,2013-05-08 3:00:00
364,Ibirapuera,,2,,,2,20,2013-05-08 4:00:00
365,Ibirapuera,,1,,,2,22,2013-05-08 5:00:00
366,Ibirapuera,,1,,,3,23,2013-05-08 6:00:00
367,Ibirapuera,,1,,,6,23,2013-05-08 7:00:00
368,Ibirapuera,,1,,,8,24,2013-05-08 8:00:00
369,Ibirapuera,,1,,,5,24,2013-05-08 9:00:00
370,Ibirapuera,,1,,,4,23,2013-05-08 10:00:00
371,Ibirapuera,,1,,,4,23,2013-05-08 11:00:00
372,Ibirapuera,,1,,,4,24,2013-05-08 12:00:00
373,Ibirapuera,,1,,,5,25,2013-05-08 13:00:00
374,Ibirapuera,,1,,,5,27,2013-05-08 14:00:00
375,Ibirapuera,,1,,,6,28,2013-05-08 15:00:00
376,Ibirapuera,,1,,,8,30,2013-05-08 16:00:00
377,Ibirapuera,,2,,,9,31,2013-05-08 17:00:00
378,Ibirapuera,,2,,,13,30,2013-05-08 18:00:00
379,Ibirapuera,,2,,,15,27,2013-05-08 19:00:00
380,Ibirapuera,,2,,,14,24,2013-05-08 20:00:00
381,Ibirapuera,,3,,,14,20,2013-05-08 21:00:00
382,Ibirapuera,,3,,,12,16,2013-05-08 22:00:00
383,Ibirapuera,,4,,,12,15,2013-05-08 23:00:00
384,Ibirapuera,,4,,,12,11,2013-05-08 0:00:00
385,Interlagos,,,27,,,10,2013-05-08 1:00:00
386,Interlagos,,,27,,1,9,2013-05-08 2:00:00
387,Interlagos,,,26,,0,10,2013-05-08 3:00:00
388,Interlagos,,,25,,0,11,2013-05-08 4:00:00
389,Interlagos,,,25,,1,12,2013-05-08 5:00:00
390,Interlagos,,,25,,2,14,2013-05-08 6:00:00
391,Interlagos,,,24,,5,15,2013-05-08 7:00:00
392,Interlagos,,,23,,5,15,2013-05-08 8:00:00
393,Interlagos,,,21,,3,14,2013-05-08 9:00:00
394,Interlagos,,,21,,2,14,2013-05-08 10:00:00
395,Interlagos,,,20,,2,14,2013-05-08 11:00:00
396,Interlagos,,,20,,3,14,2013-05-08 12:00:00
397,Interlagos,,,20,,3,15,2013-05-08 13:00:00
398,Interlagos,,,19,,3,15,2013-05-08 14:00:00
399,Interlagos,,,20,,4,17,2013-05-08 15:00:00
400,Interlagos,,,21,,5,18,2013-05-08 16:00:00
401,Interlagos,,,20,,5,19,2013-05-08 17:00:00
402,Interlagos,,,20,,8,18,2013-05-08 18:00:00
403,Interlagos,,,21,,12,16,2013-05-08 19:00:00
404,Interlagos,,,21,,12,14,2013-05-08 20:00:00
405,Interlagos,,,21,,12,12,2013-05-08 21:00:00
406,Interlagos,,,21,,11,9,2013-05-08 22:00:00
407,Interlagos,,,21,,11,7,2013-05-08 23:00:00
408,Interlagos,,,22,,12,4,2013-05-08 0:00:00
409,Itaim Paulista,,,,,,7,2013-05-08 1:00:00
410,Itaim Paulista,,,,,,6,2013-05-08 2:00:00
411,Itaim Paulista,,,,,,7,2013-05-08 3:00:00
412,Itaim Paulista,,,,,,7,2013-05-08 4:00:00
413,Itaim Paulista,,,,,,9,2013-05-08 5:00:00
414,Itaim Paulista,,,,,,10,2013-05-08 6:00:00
415,Itaim Paulista,,,,,,10,2013-05-08 7:00:00
416,Itaim Paulista,,,,,,11,2013-05-08 8:00:00
417,Itaim Paulista,,,,,,11,2013-05-08 9:00:00
418,Itaim Paulista,,,,,,11,2013-05-08 10:00:00
419,Itaim Paulista,,,,,,11,2013-05-08 11:00:00
420,Itaim Paulista,,,,,,11,2013-05-08 12:00:00
421,Itaim Paulista,,,,,,12,2013-05-08 13:00:00
422,Itaim Paulista,,,,,,14,2013-05-08 14:00:00
423,Itaim Paulista,,,,,,17,2013-05-08 15:00:00
424,Itaim Paulista,,,,,,20,2013-05-08 16:00:00
425,Itaim Paulista,,,,,,22,2013-05-08 17:00:00
426,Itaim Paulista,,,,,,22,2013-05-08 18:00:00
427,Itaim Paulista,,,,,,21,2013-05-08 19:00:00
428,Itaim Paulista,,,,,,20,2013-05-08 20:00:00
429,Itaim Paulista,,,,,,18,2013-05-08 21:00:00
430,Itaim Paulista,,,,,,16,2013-05-08 22:00:00
431,Itaim Paulista,,,,,,13,2013-05-08 23:00:00
432,Itaim Paulista,,,,,,9,2013-05-08 0:00:00
433,Itaquera,,,,,,13,2013-05-08 1:00:00
434,Itaquera,,,,,,12,2013-05-08 2:00:00
435,Itaquera,,,,,,11,2013-05-08 3:00:00
436,Itaquera,,,,,,11,2013-05-08 4:00:00
437,Itaquera,,,,,,12,2013-05-08 5:00:00
438,Itaquera,,,,,,12,2013-05-08 6:00:00
439,Itaquera,,,,,,12,2013-05-08 7:00:00
440,Itaquera,,,,,,12,2013-05-08 8:00:00
441,Itaquera,,,,,,11,2013-05-08 9:00:00
442,Itaquera,,,,,,11,2013-05-08 10:00:00
443,Itaquera,,,,,,11,2013-05-08 11:00:00
444,Itaquera,,,,,,11,2013-05-08 12:00:00
445,Itaquera,,,,,,12,2013-05-08 13:00:00
446,Itaquera,,,,,,14,2013-05-08 14:00:00
447,Itaquera,,,,,,18,2013-05-08 15:00:00
448,Itaquera,,,,,,20,2013-05-08 16:00:00
449,Itaquera,,,,,,21,2013-05-08 17:00:00
450,Itaquera,,,,,,22,2013-05-08 18:00:00
451,Itaquera,,,,,,21,2013-05-08 19:00:00
452,Itaquera,,,,,,19,2013-05-08 20:00:00
453,Itaquera,,,,,,16,2013-05-08 21:00:00
454,Itaquera,,,,,,13,2013-05-08 22:00:00
455,Itaquera,,,,,,10,2013-05-08 23:00:00
456,Itaquera,,,,,,6,2013-05-08 0:00:00
457,Jacareí,,,21,,,9,2013-05-08 1:00:00
458,Jacareí,,,21,,5,5,2013-05-08 2:00:00
459,Jacareí,,,21,,3,4,2013-05-08 3:00:00
460,Jacareí,,,21,,1,4,2013-05-08 4:00:00
461,Jacareí,,,21,,1,5,2013-05-08 5:00:00
462,Jacareí,,,22,,2,6,2013-05-08 6:00:00
463,Jacareí,,,22,,2,6,2013-05-08 7:00:00
464,Jacareí,,,21,,3,7,2013-05-08 8:00:00
465,Jacareí,,,21,,2,8,2013-05-08 9:00:00
466,Jacareí,,,22,,1,10,2013-05-08 10:00:00
467,Jacareí,,,22,,2,11,2013-05-08 11:00:00
468,Jacareí,,,22,,1,12,2013-05-08 12:00:00
469,Jacareí,,,22,,1,13,2013-05-08 13:00:00
470,Jacareí,,,22,,1,14,2013-05-08 14:00:00
471,Jacareí,,,22,,1,16,2013-05-08 15:00:00
472,Jacareí,,,21,,1,18,2013-05-08 16:00:00
473,Jacareí,,,21,,2,19,2013-05-08 17:00:00
474,Jacareí,,,20,,3,19,2013-05-08 18:00:00
475,Jacareí,,,19,,5,18,2013-05-08 19:00:00
476,Jacareí,,,17,,4,17,2013-05-08 20:00:00
477,Jacareí,,,17,,3,14,2013-05-08 21:00:00
478,Jacareí,,,16,,3,12,2013-05-08 22:00:00
479,Jacareí,,,15,,3,9,2013-05-08 23:00:00
480,Jacareí,,,15,,3,6,2013-05-08 0:00:00
481,Jaú,,,25,,,,2013-05-08 1:00:00
482,Jaú,,,25,,,,2013-05-08 2:00:00
483,Jaú,,,28,,,,2013-05-08 3:00:00
484,Jaú,,,29,,,,2013-05-08 4:00:00
485,Jaú,,,30,,,,2013-05-08 5:00:00
486,Jaú,,,30,,,,2013-05-08 6:00:00
487,Jaú,,,29,,,,2013-05-08 7:00:00
488,Jaú,,,29,,,,2013-05-08 8:00:00
489,Jaú,,,29,,,,2013-05-08 9:00:00
490,Jaú,,,29,,,,2013-05-08 10:00:00
491,Jaú,,,29,,,,2013-05-08 11:00:00
492,Jaú,,,29,,,,2013-05-08 12:00:00
493,Jaú,,,29,,,,2013-05-08 13:00:00
494,Jaú,,,29,,,,2013-05-08 14:00:00
495,Jaú,,,30,,,,2013-05-08 15:00:00
496,Jaú,,,31,,,,2013-05-08 16:00:00
497,Jaú,,,31,,,,2013-05-08 17:00:00
498,Jaú,,,32,,,,2013-05-08 18:00:00
499,Jaú,,,32,,,,2013-05-08 19:00:00
500,Jaú,,,32,,,,2013-05-08 20:00:00
501,Jaú,,,33,,,,2013-05-08 21:00:00
502,Jaú,,,32,,,,2013-05-08 22:00:00
503,Jaú,,,33,,,,2013-05-08 23:00:00
504,Jaú,,,33,,,,2013-05-08 0:00:00
505,Jundiaí,,,33,,,3,2013-05-08 1:00:00
506,Jundiaí,,,33,,9,2,2013-05-08 2:00:00
507,Jundiaí,,,33,,2,2,2013-05-08 3:00:00
508,Jundiaí,,,32,,2,4,2013-05-08 4:00:00
509,Jundiaí,,,32,,2,5,2013-05-08 5:00:00
510,Jundiaí,,,32,,3,5,2013-05-08 6:00:00
511,Jundiaí,,,32,,7,6,2013-05-08 7:00:00
512,Jundiaí,,,32,,7,6,2013-05-08 8:00:00
513,Jundiaí,,,32,,5,7,2013-05-08 9:00:00
514,Jundiaí,,,31,,4,9,2013-05-08 10:00:00
515,Jundiaí,,,31,,4,10,2013-05-08 11:00:00
516,Jundiaí,,,30,,5,12,2013-05-08 12:00:00
517,Jundiaí,,,31,,5,16,2013-05-08 13:00:00
518,Jundiaí,,,31,,5,19,2013-05-08 14:00:00
519,Jundiaí,,,31,,5,23,2013-05-08 15:00:00
520,Jundiaí,,,31,,6,29,2013-05-08 16:00:00
521,Jundiaí,,,31,,7,34,2013-05-08 17:00:00
522,Jundiaí,,,32,,10,36,2013-05-08 18:00:00
523,Jundiaí,,,31,,18,35,2013-05-08 19:00:00
524,Jundiaí,,,30,,22,31,2013-05-08 20:00:00
525,Jundiaí,,,31,,18,27,2013-05-08 21:00:00
526,Jundiaí,,,32,,15,22,2013-05-08 22:00:00
527,Jundiaí,,,32,,13,17,2013-05-08 23:00:00
528,Jundiaí,,,32,,12,12,2013-05-08 0:00:00
529,Marg.Tietê-Pte Remédios,,5,52,,,,2013-05-08 1:00:00
530,Marg.Tietê-Pte Remédios,,5,52,,5,,2013-05-08 2:00:00
531,Marg.Tietê-Pte Remédios,,4,50,,4,,2013-05-08 3:00:00
532,Marg.Tietê-Pte Remédios,,4,49,,5,,2013-05-08 4:00:00
533,Marg.Tietê-Pte Remédios,,3,48,,5,,2013-05-08 5:00:00
534,Marg.Tietê-Pte Remédios,,2,46,,8,,2013-05-08 6:00:00
535,Marg.Tietê-Pte Remédios,,2,45,,11,,2013-05-08 7:00:00
536,Marg.Tietê-Pte Remédios,,1,43,,10,,2013-05-08 8:00:00
537,Marg.Tietê-Pte Remédios,,1,40,,8,,2013-05-08 9:00:00
538,Marg.Tietê-Pte Remédios,,2,37,,7,,2013-05-08 10:00:00
539,Marg.Tietê-Pte Remédios,,2,36,,7,,2013-05-08 11:00:00
540,Marg.Tietê-Pte Remédios,,2,35,,9,,2013-05-08 12:00:00
541,Marg.Tietê-Pte Remédios,,2,34,,10,,2013-05-08 13:00:00
542,Marg.Tietê-Pte Remédios,,2,34,,11,,2013-05-08 14:00:00
543,Marg.Tietê-Pte Remédios,,2,33,,14,,2013-05-08 15:00:00
544,Marg.Tietê-Pte Remédios,,2,32,,14,,2013-05-08 16:00:00
545,Marg.Tietê-Pte Remédios,,2,32,,15,,2013-05-08 17:00:00
546,Marg.Tietê-Pte Remédios,,2,32,,19,,2013-05-08 18:00:00
547,Marg.Tietê-Pte Remédios,,3,32,,19,,2013-05-08 19:00:00
548,Marg.Tietê-Pte Remédios,,3,32,,19,,2013-05-08 20:00:00
549,Marg.Tietê-Pte Remédios,,3,32,,20,,2013-05-08 21:00:00
550,Marg.Tietê-Pte Remédios,,4,32,,18,,2013-05-08 22:00:00
551,Marg.Tietê-Pte Remédios,,4,31,,17,,2013-05-08 23:00:00
552,Marg.Tietê-Pte Remédios,,5,31,,17,,2013-05-08 0:00:00
553,Marília,,,17,,,16,2013-05-08 1:00:00
554,Marília,,,17,,3,16,2013-05-08 2:00:00
555,Marília,,,17,,1,17,2013-05-08 3:00:00
556,Marília,,,17,,1,17,2013-05-08 4:00:00
557,Marília,,,18,,2,17,2013-05-08 5:00:00
558,Marília,,,17,,3,17,2013-05-08 6:00:00
559,Marília,,,17,,4,15,2013-05-08 7:00:00
560,Marília,,,17,,5,14,2013-05-08 8:00:00
561,Marília,,,17,,5,13,2013-05-08 9:00:00
562,Marília,,,17,,,13,2013-05-08 10:00:00
563,Marília,,,17,,,,2013-05-08 11:00:00
564,Marília,,,17,,,,2013-05-08 12:00:00
565,Marília,,,18,,2,,2013-05-08 13:00:00
566,Marília,,,18,,1,,2013-05-08 14:00:00
567,Marília,,,18,,1,,2013-05-08 15:00:00
568,Marília,,,18,,2,,2013-05-08 16:00:00
569,Marília,,,17,,2,,2013-05-08 17:00:00
570,Marília,,,17,,5,24,2013-05-08 18:00:00
571,Marília,,,17,,9,21,2013-05-08 19:00:00
572,Marília,,,17,,11,20,2013-05-08 20:00:00
573,Marília,,,17,,7,18,2013-05-08 21:00:00
574,Marília,,,16,,5,17,2013-05-08 22:00:00
575,Marília,,,16,,5,15,2013-05-08 23:00:00
576,Marília,,,16,,3,14,2013-05-08 0:00:00
577,Mauá,,,32,,,10,2013-05-08 1:00:00
578,Mauá,,,31,,,10,2013-05-08 2:00:00
579,Mauá,,,31,,,11,2013-05-08 3:00:00
580,Mauá,,,31,,,12,2013-05-08 4:00:00
581,Mauá,,,31,,,14,2013-05-08 5:00:00
582,Mauá,,,30,,,15,2013-05-08 6:00:00
583,Mauá,,,29,,,15,2013-05-08 7:00:00
584,Mauá,,,30,,,14,2013-05-08 8:00:00
585,Mauá,,,30,,,13,2013-05-08 9:00:00
586,Mauá,,,30,,,12,2013-05-08 10:00:00
587,Mauá,,,29,,,12,2013-05-08 11:00:00
588,Mauá,,,29,,,12,2013-05-08 12:00:00
589,Mauá,,,29,,,13,2013-05-08 13:00:00
590,Mauá,,,29,,,14,2013-05-08 14:00:00
591,Mauá,,,29,,,16,2013-05-08 15:00:00
592,Mauá,,,29,,,19,2013-05-08 16:00:00
593,Mauá,,,29,,,20,2013-05-08 17:00:00
594,Mauá,,,29,,,20,2013-05-08 18:00:00
595,Mauá,,,29,,,19,2013-05-08 19:00:00
596,Mauá,,,29,,,17,2013-05-08 20:00:00
597,Mauá,,,29,,,15,2013-05-08 21:00:00
598,Mauá,,,29,,,12,2013-05-08 22:00:00
599,Mauá,,,30,,,10,2013-05-08 23:00:00
600,Mauá,,,30,,,7,2013-05-08 0:00:00
601,Mooca,,3,,,,4,2013-05-08 1:00:00
602,Mooca,,3,,,,4,2013-05-08 2:00:00
603,Mooca,,2,,,,4,2013-05-08 3:00:00
604,Mooca,,2,,,,6,2013-05-08 4:00:00
605,Mooca,,2,,,,7,2013-05-08 5:00:00
606,Mooca,,2,,,,8,2013-05-08 6:00:00
607,Mooca,,1,,,,8,2013-05-08 7:00:00
608,Mooca,,1,,,,8,2013-05-08 8:00:00
609,Mooca,,1,,,,8,2013-05-08 9:00:00
610,Mooca,,1,,,,7,2013-05-08 10:00:00
611,Mooca,,1,,,,7,2013-05-08 11:00:00
612,Mooca,,1,,,,8,2013-05-08 12:00:00
613,Mooca,,2,,,,11,2013-05-08 13:00:00
614,Mooca,,2,,,,15,2013-05-08 14:00:00
615,Mooca,,2,,,,20,2013-05-08 15:00:00
616,Mooca,,2,,,,25,2013-05-08 16:00:00
617,Mooca,,2,,,,28,2013-05-08 17:00:00
618,Mooca,,2,,,,29,2013-05-08 18:00:00
619,Mooca,,2,,,,28,2013-05-08 19:00:00
620,Mooca,,3,,,,26,2013-05-08 20:00:00
621,Mooca,,3,,,,22,2013-05-08 21:00:00
622,Mooca,,3,,,,17,2013-05-08 22:00:00
623,Mooca,,4,,,,12,2013-05-08 23:00:00
624,Mooca,,4,,,,6,2013-05-08 0:00:00
625,N.Senhora do Ó,,,26,,,10,2013-05-08 1:00:00
626,N.Senhora do Ó,,,26,,,8,2013-05-08 2:00:00
627,N.Senhora do Ó,,,25,,,8,2013-05-08 3:00:00
628,N.Senhora do Ó,,,25,,,8,2013-05-08 4:00:00
629,N.Senhora do Ó,,,25,,,9,2013-05-08 5:00:00
630,N.Senhora do Ó,,,24,,,9,2013-05-08 6:00:00
631,N.Senhora do Ó,,,23,,,8,2013-05-08 7:00:00
632,N.Senhora do Ó,,,22,,,8,2013-05-08 8:00:00
633,N.Senhora do Ó,,,21,,,8,2013-05-08 9:00:00
634,N.Senhora do Ó,,,21,,,8,2013-05-08 10:00:00
635,N.Senhora do Ó,,,21,,,7,2013-05-08 11:00:00
636,N.Senhora do Ó,,,22,,,7,2013-05-08 12:00:00
637,N.Senhora do Ó,,,23,,,9,2013-05-08 13:00:00
638,N.Senhora do Ó,,,23,,,12,2013-05-08 14:00:00
639,N.Senhora do Ó,,,24,,,16,2013-05-08 15:00:00
640,N.Senhora do Ó,,,25,,,21,2013-05-08 16:00:00
641,N.Senhora do Ó,,,25,,,23,2013-05-08 17:00:00
642,N.Senhora do Ó,,,26,,,23,2013-05-08 18:00:00
643,N.Senhora do Ó,,,27,,,23,2013-05-08 19:00:00
644,N.Senhora do Ó,,,29,,,21,2013-05-08 20:00:00
645,N.Senhora do Ó,,,29,,,18,2013-05-08 21:00:00
646,N.Senhora do Ó,,,30,,,15,2013-05-08 22:00:00
647,N.Senhora do Ó,,,31,,,10,2013-05-08 23:00:00
648,N.Senhora do Ó,,,32,,,5,2013-05-08 0:00:00
649,Osasco,,7,43,,6,,2013-05-08 1:00:00
650,Osasco,,6,42,,3,,2013-05-08 2:00:00
651,Osasco,,5,41,,2,,2013-05-08 3:00:00
652,Osasco,,4,40,,3,,2013-05-08 4:00:00
653,Osasco,,4,39,,5,,2013-05-08 5:00:00
654,Osasco,,3,38,,8,,2013-05-08 6:00:00
655,Osasco,,3,37,,10,,2013-05-08 7:00:00
656,Osasco,,3,36,,10,,2013-05-08 8:00:00
657,Osasco,,4,35,,9,,2013-05-08 9:00:00
658,Osasco,,4,34,,9,,2013-05-08 10:00:00
659,Osasco,,5,33,,9,,2013-05-08 11:00:00
660,Osasco,,5,33,,9,,2013-05-08 12:00:00
661,Osasco,,5,33,,12,,2013-05-08 13:00:00
662,Osasco,,5,34,,11,,2013-05-08 14:00:00
663,Osasco,,4,33,,12,,2013-05-08 15:00:00
664,Osasco,,4,33,,13,,2013-05-08 16:00:00
665,Osasco,,4,33,,13,,2013-05-08 17:00:00
666,Osasco,,4,33,,17,,2013-05-08 18:00:00
667,Osasco,,4,33,,15,,2013-05-08 19:00:00
668,Osasco,,5,33,,15,,2013-05-08 20:00:00
669,Osasco,,5,33,,16,,2013-05-08 21:00:00
670,Osasco,,6,33,,16,,2013-05-08 22:00:00
671,Osasco,,7,33,,13,,2013-05-08 23:00:00
672,Osasco,,8,33,,14,,2013-05-08 0:00:00
673,Parque D.Pedro II,,2,31,,,4,2013-05-08 1:00:00
674,Parque D.Pedro II,,2,31,,3,4,2013-05-08 2:00:00
675,Parque D.Pedro II,,1,30,,3,5,2013-05-08 3:00:00
676,Parque D.Pedro II,,1,29,,3,6,2013-05-08 4:00:00
677,Parque D.Pedro II,,1,29,,4,7,2013-05-08 5:00:00
678,Parque D.Pedro II,,1,28,,5,8,2013-05-08 6:00:00
679,Parque D.Pedro II,,1,26,,8,8,2013-05-08 7:00:00
680,Parque D.Pedro II,,1,25,,8,8,2013-05-08 8:00:00
681,Parque D.Pedro II,,1,25,,7,8,2013-05-08 9:00:00
682,Parque D.Pedro II,,1,23,,6,8,2013-05-08 10:00:00
683,Parque D.Pedro II,,1,21,,7,7,2013-05-08 11:00:00
684,Parque D.Pedro II,,2,22,,7,8,2013-05-08 12:00:00
685,Parque D.Pedro II,,2,23,,7,10,2013-05-08 13:00:00
686,Parque D.Pedro II,,2,23,,9,12,2013-05-08 14:00:00
687,Parque D.Pedro II,,2,24,,8,16,2013-05-08 15:00:00
688,Parque D.Pedro II,,2,24,,11,20,2013-05-08 16:00:00
689,Parque D.Pedro II,,2,24,,16,22,2013-05-08 17:00:00
690,Parque D.Pedro II,,2,25,,18,22,2013-05-08 18:00:00
691,Parque D.Pedro II,,2,26,,17,21,2013-05-08 19:00:00
692,Parque D.Pedro II,,3,27,,16,20,2013-05-08 20:00:00
693,Parque D.Pedro II,,3,28,,15,17,2013-05-08 21:00:00
694,Parque D.Pedro II,,4,29,,15,13,2013-05-08 22:00:00
695,Parque D.Pedro II,,4,29,,14,9,2013-05-08 23:00:00
696,Parque D.Pedro II,,4,29,,13,5,2013-05-08 0:00:00
697,Paulínia,,,36,,,13,2013-05-08 1:00:00
698,Paulínia,,,36,,6,10,2013-05-08 2:00:00
699,Paulínia,,,36,,7,9,2013-05-08 3:00:00
700,Paulínia,,,36,,9,8,2013-05-08 4:00:00
701,Paulínia,,,38,,8,6,2013-05-08 5:00:00
702,Paulínia,,,39,,8,6,2013-05-08 6:00:00
703,Paulínia,,,39,,8,6,2013-05-08 7:00:00
704,Paulínia,,,40,,6,6,2013-05-08 8:00:00
705,Paulínia,,,40,,5,8,2013-05-08 9:00:00
706,Paulínia,,,39,,3,10,2013-05-08 10:00:00
707,Paulínia,,,38,,3,12,2013-05-08 11:00:00
708,Paulínia,,,36,,3,16,2013-05-08 12:00:00
709,Paulínia,,,36,,3,20,2013-05-08 13:00:00
710,Paulínia,,,36,,3,22,2013-05-08 14:00:00
711,Paulínia,,,36,,4,27,2013-05-08 15:00:00
712,Paulínia,,,36,,5,31,2013-05-08 16:00:00
713,Paulínia,,,35,,6,35,2013-05-08 17:00:00
714,Paulínia,,,35,,15,36,2013-05-08 18:00:00
715,Paulínia,,,36,,20,35,2013-05-08 19:00:00
716,Paulínia,,,37,,21,32,2013-05-08 20:00:00
717,Paulínia,,,39,,15,29,2013-05-08 21:00:00
718,Paulínia,,,39,,11,25,2013-05-08 22:00:00
719,Paulínia,,,39,,9,21,2013-05-08 23:00:00
720,Paulínia,,,37,,8,18,2013-05-08 0:00:00
721,Pinheiros,,6,,39,,3,2013-05-08 1:00:00
722,Pinheiros,,5,,38,,2,2013-05-08 2:00:00
723,Pinheiros,,5,,36,,3,2013-05-08 3:00:00
724,Pinheiros,,4,,35,,4,2013-05-08 4:00:00
725,Pinheiros,,3,,33,,6,2013-05-08 5:00:00
726,Pinheiros,,3,,31,,6,2013-05-08 6:00:00
727,Pinheiros,,2,,30,,7,2013-05-08 7:00:00
728,Pinheiros,,2,,28,,7,2013-05-08 8:00:00
729,Pinheiros,,2,,27,,8,2013-05-08 9:00:00
730,Pinheiros,,2,,24,,8,2013-05-08 10:00:00
731,Pinheiros,,2,,22,,8,2013-05-08 11:00:00
732,Pinheiros,,2,,22,,9,2013-05-08 12:00:00
733,Pinheiros,,2,,22,,10,2013-05-08 13:00:00
734,Pinheiros,,2,,22,,12,2013-05-08 14:00:00
735,Pinheiros,,2,,22,,15,2013-05-08 15:00:00
736,Pinheiros,,2,,22,,18,2013-05-08 16:00:00
737,Pinheiros,,2,,22,,19,2013-05-08 17:00:00
738,Pinheiros,,3,,22,,18,2013-05-08 18:00:00
739,Pinheiros,,3,,22,,16,2013-05-08 19:00:00
740,Pinheiros,,3,,22,,14,2013-05-08 20:00:00
741,Pinheiros,,4,,22,,12,2013-05-08 21:00:00
742,Pinheiros,,4,,20,,8,2013-05-08 22:00:00
743,Pinheiros,,5,,20,,6,2013-05-08 23:00:00
744,Pinheiros,,6,,20,,2,2013-05-08 0:00:00
745,Piracicaba,,,51,27,,5,2013-05-08 1:00:00
746,Piracicaba,,,50,27,5,3,2013-05-08 2:00:00
747,Piracicaba,,,49,27,5,2,2013-05-08 3:00:00
748,Piracicaba,,,50,27,5,2,2013-05-08 4:00:00
749,Piracicaba,,,50,27,5,2,2013-05-08 5:00:00
750,Piracicaba,,,49,27,5,2,2013-05-08 6:00:00
751,Piracicaba,,,50,27,4,2,2013-05-08 7:00:00
752,Piracicaba,,,51,27,6,2,2013-05-08 8:00:00
753,Piracicaba,,,52,27,8,2,2013-05-08 9:00:00
754,Piracicaba,,,52,27,3,4,2013-05-08 10:00:00
755,Piracicaba,,,52,25,3,6,2013-05-08 11:00:00
756,Piracicaba,,,52,25,3,8,2013-05-08 12:00:00
757,Piracicaba,,,51,25,3,12,2013-05-08 13:00:00
758,Piracicaba,,,51,25,4,14,2013-05-08 14:00:00
759,Piracicaba,,,52,27,5,18,2013-05-08 15:00:00
760,Piracicaba,,,52,27,5,21,2013-05-08 16:00:00
761,Piracicaba,,,52,27,7,24,2013-05-08 17:00:00
762,Piracicaba,,,54,28,15,23,2013-05-08 18:00:00
763,Piracicaba,,,56,28,17,22,2013-05-08 19:00:00
764,Piracicaba,,,58,30,15,20,2013-05-08 20:00:00
765,Piracicaba,,,57,28,12,18,2013-05-08 21:00:00
766,Piracicaba,,,56,28,8,15,2013-05-08 22:00:00
767,Piracicaba,,,56,28,6,12,2013-05-08 23:00:00
768,Piracicaba,,,56,30,8,8,2013-05-08 0:00:00
769,Presidente Prudente,,,22,,,11,2013-05-08 1:00:00
770,Presidente Prudente,,,23,,4,10,2013-05-08 2:00:00
771,Presidente Prudente,,,24,,5,10,2013-05-08 3:00:00
772,Presidente Prudente,,,25,,5,8,2013-05-08 4:00:00
773,Presidente Prudente,,,25,,5,7,2013-05-08 5:00:00
774,Presidente Prudente,,,25,,4,6,2013-05-08 6:00:00
775,Presidente Prudente,,,25,,5,6,2013-05-08 7:00:00
776,Presidente Prudente,,,25,,5,6,2013-05-08 8:00:00
777,Presidente Prudente,,,24,,3,6,2013-05-08 9:00:00
778,Presidente Prudente,,,25,,2,7,2013-05-08 10:00:00
779,Presidente Prudente,,,24,,2,8,2013-05-08 11:00:00
780,Presidente Prudente,,,23,,2,11,2013-05-08 12:00:00
781,Presidente Prudente,,,23,,1,14,2013-05-08 13:00:00
782,Presidente Prudente,,,23,,2,16,2013-05-08 14:00:00
783,Presidente Prudente,,,23,,2,18,2013-05-08 15:00:00
784,Presidente Prudente,,,23,,2,21,2013-05-08 16:00:00
785,Presidente Prudente,,,23,,3,23,2013-05-08 17:00:00
786,Presidente Prudente,,,23,,8,24,2013-05-08 18:00:00
787,Presidente Prudente,,,23,,13,22,2013-05-08 19:00:00
788,Presidente Prudente,,,23,,11,20,2013-05-08 20:00:00
789,Presidente Prudente,,,23,,5,20,2013-05-08 21:00:00
790,Presidente Prudente,,,23,,4,19,2013-05-08 22:00:00
791,Presidente Prudente,,,22,,9,17,2013-05-08 23:00:00
792,Presidente Prudente,,,22,,3,16,2013-05-08 0:00:00
793,S.André-Capuava,,,26,,,14,2013-05-08 1:00:00
794,S.André-Capuava,,,25,,,12,2013-05-08 2:00:00
795,S.André-Capuava,,,26,,,12,2013-05-08 3:00:00
796,S.André-Capuava,,,26,,,13,2013-05-08 4:00:00
797,S.André-Capuava,,,25,,,14,2013-05-08 5:00:00
798,S.André-Capuava,,,25,,,15,2013-05-08 6:00:00
799,S.André-Capuava,,,25,,,14,2013-05-08 7:00:00
800,S.André-Capuava,,,25,,,14,2013-05-08 8:00:00
801,S.André-Capuava,,,25,,,13,2013-05-08 9:00:00
802,S.André-Capuava,,,25,,,12,2013-05-08 10:00:00
803,S.André-Capuava,,,25,,,12,2013-05-08 11:00:00
804,S.André-Capuava,,,25,,,12,2013-05-08 12:00:00
805,S.André-Capuava,,,26,,,13,2013-05-08 13:00:00
806,S.André-Capuava,,,26,,,14,2013-05-08 14:00:00
807,S.André-Capuava,,,27,,,16,2013-05-08 15:00:00
808,S.André-Capuava,,,27,,,19,2013-05-08 16:00:00
809,S.André-Capuava,,,28,,,20,2013-05-08 17:00:00
810,S.André-Capuava,,,29,,,20,2013-05-08 18:00:00
811,S.André-Capuava,,,29,,,18,2013-05-08 19:00:00
812,S.André-Capuava,,,30,,,16,2013-05-08 20:00:00
813,S.André-Capuava,,,30,,,14,2013-05-08 21:00:00
814,S.André-Capuava,,,31,,,11,2013-05-08 22:00:00
815,S.André-Capuava,,,32,,,8,2013-05-08 23:00:00
816,S.André-Capuava,,,32,,,5,2013-05-08 0:00:00
817,S.Bernardo-Paulicéia,,,32,,,,2013-05-08 1:00:00
818,S.Bernardo-Paulicéia,,,31,,,,2013-05-08 2:00:00
819,S.Bernardo-Paulicéia,,,31,,,,2013-05-08 3:00:00
820,S.Bernardo-Paulicéia,,,30,,,,2013-05-08 4:00:00
821,S.Bernardo-Paulicéia,,,29,,,,2013-05-08 5:00:00
822,S.Bernardo-Paulicéia,,,29,,,,2013-05-08 6:00:00
823,S.Bernardo-Paulicéia,,,28,,,,2013-05-08 7:00:00
824,S.Bernardo-Paulicéia,,,27,,,,2013-05-08 8:00:00
825,S.Bernardo-Paulicéia,,,26,,,,2013-05-08 9:00:00
826,S.Bernardo-Paulicéia,,,25,,,,2013-05-08 10:00:00
827,S.Bernardo-Paulicéia,,,25,,,,2013-05-08 11:00:00
828,S.Bernardo-Paulicéia,,,28,,,,2013-05-08 12:00:00
829,S.Bernardo-Paulicéia,,,28,,,,2013-05-08 13:00:00
830,S.Bernardo-Paulicéia,,,29,,,,2013-05-08 14:00:00
831,S.Bernardo-Paulicéia,,,29,,,,2013-05-08 15:00:00
832,S.Bernardo-Paulicéia,,,30,,,,2013-05-08 16:00:00
833,S.Bernardo-Paulicéia,,,33,,,,2013-05-08 17:00:00
834,S.Bernardo-Paulicéia,,,36,,,,2013-05-08 18:00:00
835,S.Bernardo-Paulicéia,,,38,,,,2013-05-08 19:00:00
836,S.Bernardo-Paulicéia,,,39,,,,2013-05-08 20:00:00
837,S.Bernardo-Paulicéia,,,40,,,,2013-05-08 21:00:00
838,S.Bernardo-Paulicéia,,,42,,,,2013-05-08 22:00:00
839,S.Bernardo-Paulicéia,,,44,,,,2013-05-08 23:00:00
840,S.Bernardo-Paulicéia,,,45,,,,2013-05-08 0:00:00
841,S.José Campos,,,17,,,5,2013-05-08 1:00:00
842,S.José Campos,,,19,,9,2,2013-05-08 2:00:00
843,S.José Campos,,,19,,9,0,2013-05-08 3:00:00
844,S.José Campos,,,20,,4,1,2013-05-08 4:00:00
845,S.José Campos,,,20,,3,2,2013-05-08 5:00:00
846,S.José Campos,,,20,,4,2,2013-05-08 6:00:00
847,S.José Campos,,,20,,7,2,2013-05-08 7:00:00
848,S.José Campos,,,20,,7,3,2013-05-08 8:00:00
849,S.José Campos,,,20,,4,4,2013-05-08 9:00:00
850,S.José Campos,,,21,,5,6,2013-05-08 10:00:00
851,S.José Campos,,,21,,2,8,2013-05-08 11:00:00
852,S.José Campos,,,21,,2,9,2013-05-08 12:00:00
853,S.José Campos,,,22,,2,11,2013-05-08 13:00:00
854,S.José Campos,,,22,,2,12,2013-05-08 14:00:00
855,S.José Campos,,,22,,2,15,2013-05-08 15:00:00
856,S.José Campos,,,21,,2,18,2013-05-08 16:00:00
857,S.José Campos,,,21,,3,18,2013-05-08 17:00:00
858,S.José Campos,,,21,,10,18,2013-05-08 18:00:00
859,S.José Campos,,,21,,11,16,2013-05-08 19:00:00
860,S.José Campos,,,21,,8,14,2013-05-08 20:00:00
861,S.José Campos,,,21,,7,12,2013-05-08 21:00:00
862,S.José Campos,,,20,,9,9,2013-05-08 22:00:00
863,S.José Campos,,,19,,8,6,2013-05-08 23:00:00
864,S.José Campos,,,18,,7,3,2013-05-08 0:00:00
865,Santa Gertrudes,,,,,5,,2013-05-08 2:00:00
866,Santa Gertrudes,,,,,4,,2013-05-08 3:00:00
867,Santa Gertrudes,,,,,6,,2013-05-08 4:00:00
868,Santa Gertrudes,,,,,6,,2013-05-08 5:00:00
869,Santa Gertrudes,,,,,6,,2013-05-08 6:00:00
870,Santa Gertrudes,,,,,7,,2013-05-08 7:00:00
871,Santa Gertrudes,,,,,6,,2013-05-08 8:00:00
872,Santa Gertrudes,,,,,6,,2013-05-08 9:00:00
873,Santa Gertrudes,,,,,5,,2013-05-08 10:00:00
874,Santa Gertrudes,,,,,5,,2013-05-08 11:00:00
875,Santa Gertrudes,,,,,4,,2013-05-08 12:00:00
876,Santa Gertrudes,,,,,4,,2013-05-08 13:00:00
877,Santa Gertrudes,,,,,3,,2013-05-08 14:00:00
878,Santa Gertrudes,,,,,5,,2013-05-08 15:00:00
879,Santa Gertrudes,,,,,4,,2013-05-08 16:00:00
880,Santa Gertrudes,,,,,6,,2013-05-08 17:00:00
881,Santa Gertrudes,,,,,16,,2013-05-08 18:00:00
882,Santa Gertrudes,,,,,15,,2013-05-08 19:00:00
883,Santa Gertrudes,,,,,13,,2013-05-08 20:00:00
884,Santa Gertrudes,,,,,11,,2013-05-08 21:00:00
885,Santa Gertrudes,,,,,11,,2013-05-08 22:00:00
886,Santa Gertrudes,,,,,11,,2013-05-08 23:00:00
887,Santa Gertrudes,,,,,9,,2013-05-08 0:00:00
888,Santana,,,,,,9,2013-05-08 1:00:00
889,Santana,,,,,,7,2013-05-08 2:00:00
890,Santana,,,,,,6,2013-05-08 3:00:00
891,Santana,,,,,,7,2013-05-08 4:00:00
892,Santana,,,,,,8,2013-05-08 5:00:00
893,Santana,,,,,,9,2013-05-08 6:00:00
894,Santana,,,,,,9,2013-05-08 7:00:00
895,Santana,,,,,,9,2013-05-08 8:00:00
896,Santana,,,,,,9,2013-05-08 9:00:00
897,Santana,,,,,,8,2013-05-08 10:00:00
898,Santana,,,,,,8,2013-05-08 11:00:00
899,Santana,,,,,,9,2013-05-08 12:00:00
900,Santana,,,,,,12,2013-05-08 13:00:00
901,Santana,,,,,,16,2013-05-08 14:00:00
902,Santana,,,,,,21,2013-05-08 15:00:00
903,Santana,,,,,,26,2013-05-08 16:00:00
904,Santana,,,,,,29,2013-05-08 17:00:00
905,Santana,,,,,,30,2013-05-08 18:00:00
906,Santana,,,,,,28,2013-05-08 19:00:00
907,Santana,,,,,,26,2013-05-08 20:00:00
908,Santana,,,,,,23,2013-05-08 21:00:00
909,Santana,,,,,,18,2013-05-08 22:00:00
910,Santana,,,,,,12,2013-05-08 23:00:00
911,Santana,,,,,,6,2013-05-08 0:00:00